{
  "project_info": {
    "project_number": "1040788468176",
    "firebase_url": "https://ecogestorresiduos-default-rtdb.firebaseio.com",
    "project_id": "ecogestorresiduos",
    "storage_bucket": "ecogestorresiduos.firebasestorage.app"
  },
  "client": [
    {
      "client_info": {
        "mobilesdk_app_id": "1:1040788468176:android:f8f4295ba461394335c9d5",
        "android_client_info": {
          "package_name": "com.fmyc.ecogestor"
        }
      },
      "oauth_client": [],
      "api_key": [
        {
          "current_key": "AIzaSyCpHN7Jm1zLbp2Bda0cO3fZ0DpyTYpvuPw"
        }
      ],
      "services": {
        "appinvite_service": {
          "other_platform_oauth_client": []
        }
      }
    },
    {
      "client_info": {
        "mobilesdk_app_id": "1:1040788468176:android:9b5f43c3e9959e7f35c9d5",
        "android_client_info": {
          "package_name": "com.fmyc.ecolimgestor"
        }
      },
      "oauth_client": [],
      "api_key": [
        {
          "current_key": "AIzaSyCpHN7Jm1zLbp2Bda0cO3fZ0DpyTYpvuPw"
        }
      ],
      "services": {
        "appinvite_service": {
          "other_platform_oauth_client": []
        }
      }
    },
    {
      "client_info": {
        "mobilesdk_app_id": "1:1040788468176:android:684955c33cbfa3cf35c9d5",
        "android_client_info": {
          "package_name": "com.yj.tinventario"
        }
      },
      "oauth_client": [],
      "api_key": [
        {
          "current_key": "AIzaSyCpHN7Jm1zLbp2Bda0cO3fZ0DpyTYpvuPw"
        }
      ],
      "services": {
        "appinvite_service": {
          "other_platform_oauth_client": []
        }
      }
    }
  ],
  "configuration_version": "1"
}