{
  "project_info": {
    "project_number": "721441791731",
    "firebase_url": "https://pro502-e2004-default-rtdb.firebaseio.com",
    "project_id": "pro502-e2004",
    "storage_bucket": "pro502-e2004.firebasestorage.app"
  },
  "client": [
    {
      "client_info": {
        "mobilesdk_app_id": "1:721441791731:android:c5830c7e75acac56c32186",
        "android_client_info": {
          "package_name": "com.alvaro.miproyectoa"
        }
      },
      "oauth_client": [],
      "api_key": [
        {
          "current_key": "AIzaSyCpAtF3Jxggrk6-01_yyYgdinnIcQboBtU"
        }
      ],
      "services": {
        "appinvite_service": {
          "other_platform_oauth_client": []
        }
      }
    }
  ],
  "configuration_version": "1"
}